timestamp,user_id,asset_id,event_type,anomaly_score,off_hours,failed_logins_24h,geo_distance_km,proc_injection_flag,label
2025-09-28T14:28:33,1038,2032,process,0.134,0,2,19.0,0,1
2025-09-28T15:13:33,1028,2052,file,0.032,0,1,111.4,0,1
2025-09-28T15:58:33,1014,2021,login,0.426,0,2,234.9,0,0
2025-09-28T16:43:33,1042,2020,file,0.146,1,0,80.4,0,0
2025-09-28T17:28:33,1007,2069,process,0.423,0,0,67.7,0,0
2025-09-28T18:13:33,1020,2069,login,0.131,0,0,859.8,0,0
2025-09-28T18:58:33,1038,2003,registry,0.213,0,0,117.0,0,0
2025-09-28T19:43:33,1018,2093,login,0.311,0,3,186.4,0,0
2025-09-28T20:28:33,1022,2074,network,0.572,1,1,8.1,0,1
2025-09-28T21:13:33,1010,2061,file,0.539,0,1,154.6,0,0
2025-09-28T21:58:33,1010,2061,login,0.332,1,1,97.3,0,1
2025-09-28T22:43:33,1023,2093,network,0.541,0,0,104.2,0,0
2025-09-28T23:28:33,1035,2094,registry,0.383,1,1,41.0,0,0
2025-09-29T00:13:33,1039,2023,login,0.093,0,2,1825.6,0,0
2025-09-29T00:58:33,1023,2054,file,0.331,0,2,50.4,0,1
2025-09-29T01:43:33,1002,2008,network,0.111,0,0,86.6,0,0
2025-09-29T02:28:33,1021,2002,network,0.461,0,0,134.3,0,1
2025-09-29T03:13:33,1001,2030,network,0.265,1,0,44.0,0,0
2025-09-29T03:58:33,1023,2039,login,0.31,1,1,1538.4,0,0
2025-09-29T04:43:33,1043,2035,registry,0.404,0,2,68.0,0,1
2025-09-29T05:28:33,1029,2023,registry,0.462,0,0,72.5,0,0
2025-09-29T06:13:33,1037,2094,network,0.418,0,1,184.8,0,0
2025-09-29T06:58:33,1001,2005,file,0.346,1,0,26.9,0,0
2025-09-29T07:43:33,1020,2065,network,0.284,0,0,12.3,0,1
2025-09-29T08:28:33,1032,2083,process,0.555,0,0,333.8,0,1
2025-09-29T09:13:33,1011,2091,network,0.207,0,1,129.3,0,0
2025-09-29T09:58:33,1021,2074,network,0.22,1,1,149.8,0,0
2025-09-29T10:43:33,1043,2003,network,0.436,0,1,88.3,0,1
2025-09-29T11:28:33,1024,2078,file,0.232,1,1,160.2,0,1
2025-09-29T12:13:33,1048,2005,process,0.209,1,0,6.2,0,0
2025-09-29T12:58:33,1026,2093,login,0.118,0,3,253.7,0,1
2025-09-29T13:43:33,1041,2050,login,0.27,0,4,98.9,0,0
2025-09-29T14:28:33,1027,2061,process,0.221,1,0,141.8,0,0
2025-09-29T15:13:33,1015,2056,network,0.063,0,0,86.8,0,0
2025-09-29T15:58:33,1014,2065,network,0.415,1,0,8.2,0,0
2025-09-29T16:43:33,1046,2078,network,0.086,0,2,42.6,0,0
2025-09-29T17:28:33,1043,2074,process,0.617,0,0,217.2,0,1
2025-09-29T18:13:33,1002,2007,network,0.477,1,0,2.2,0,0
2025-09-29T18:58:33,1036,2025,login,0.141,0,1,169.0,0,0
2025-09-29T19:43:33,1006,2050,process,0.301,0,0,27.6,0,0
2025-09-29T20:28:33,1020,2044,network,0.579,1,0,23.2,0,1
2025-09-29T21:13:33,1008,2043,file,0.273,0,0,25.7,0,1
2025-09-29T21:58:33,1038,2004,process,0.721,0,0,36.7,0,0
2025-09-29T22:43:33,1017,2069,login,0.474,0,3,1715.5,0,0
2025-09-29T23:28:33,1003,2025,login,0.405,1,1,305.5,0,0
2025-09-30T00:13:33,1024,2067,login,0.069,1,2,1357.8,0,0
2025-09-30T00:58:33,1013,2018,network,0.101,0,2,97.6,0,0
2025-09-30T01:43:33,1049,2083,login,0.422,1,2,11.9,0,0
2025-09-30T02:28:33,1008,2096,process,0.421,1,0,213.5,1,1
2025-09-30T03:13:33,1025,2019,process,0.475,0,0,46.1,0,0
2025-09-30T03:58:33,1001,2011,login,0.491,0,2,664.0,0,0
2025-09-30T04:43:33,1019,2046,process,0.532,0,1,68.0,0,0
2025-09-30T05:28:33,1027,2000,login,0.178,0,3,257.4,0,0
2025-09-30T06:13:33,1046,2089,process,0.461,1,0,29.5,0,0
2025-09-30T06:58:33,1006,2013,login,0.119,1,0,1279.9,0,0
2025-09-30T07:43:33,1043,2063,file,0.067,0,1,37.8,0,1
2025-09-30T08:28:33,1007,2037,login,0.454,0,1,390.9,0,0
2025-09-30T09:13:33,1046,2036,registry,0.218,0,1,16.6,0,0
2025-09-30T09:58:33,1034,2010,process,0.354,0,1,93.6,0,0
2025-09-30T10:43:33,1013,2099,file,0.154,0,1,215.8,0,1
2025-09-30T11:28:33,1016,2076,network,0.494,0,0,55.7,0,0
2025-09-30T12:13:33,1035,2002,network,0.066,0,2,104.2,0,1
2025-09-30T12:58:33,1049,2032,file,0.174,0,1,302.9,0,0
2025-09-30T13:43:33,1039,2005,process,0.581,1,1,108.3,0,0
2025-09-30T14:28:33,1003,2049,process,0.265,0,0,128.6,0,1
2025-09-30T15:13:33,1001,2009,process,0.535,0,2,43.6,0,0
2025-09-30T15:58:33,1005,2004,network,0.317,0,1,73.3,0,0
2025-09-30T16:43:33,1041,2022,login,0.525,0,2,1184.3,0,0
2025-09-30T17:28:33,1003,2009,process,0.326,0,0,140.4,0,1
2025-09-30T18:13:33,1028,2043,network,0.378,0,1,2.3,0,0
2025-09-30T18:58:33,1017,2001,network,0.374,1,0,98.9,0,0
2025-09-30T19:43:33,1025,2012,file,0.332,0,0,146.9,0,0
2025-09-30T20:28:33,1043,2039,network,0.125,1,0,174.6,0,0
2025-09-30T21:13:33,1033,2001,registry,0.249,1,1,153.2,0,0
2025-09-30T21:58:33,1009,2083,login,0.51,1,2,769.6,0,0
2025-09-30T22:43:33,1035,2064,process,0.334,0,1,207.3,0,0
2025-09-30T23:28:33,1013,2062,process,0.265,1,0,116.4,0,0
2025-10-01T00:13:33,1030,2072,process,0.507,0,0,80.6,0,0
2025-10-01T00:58:33,1047,2016,file,0.358,0,1,92.1,0,0
2025-10-01T01:43:33,1014,2008,login,0.287,1,3,926.5,0,1
2025-10-01T02:28:33,1007,2074,file,0.27,0,0,3.3,0,1
2025-10-01T03:13:33,1013,2014,process,0.637,0,1,13.1,0,1
2025-10-01T03:58:33,1022,2023,network,0.306,0,2,178.8,0,0
2025-10-01T04:43:33,1039,2037,network,0.263,0,0,58.1,0,1
2025-10-01T05:28:33,1020,2034,process,0.321,0,0,78.2,0,1
2025-10-01T06:13:33,1015,2093,process,0.237,0,1,56.0,0,0
2025-10-01T06:58:33,1044,2094,process,0.318,1,0,16.8,0,0
2025-10-01T07:43:33,1017,2048,login,0.229,1,2,776.8,0,0
2025-10-01T08:28:33,1046,2068,process,0.457,1,2,126.9,0,1
2025-10-01T09:13:33,1023,2061,login,0.127,0,3,1147.7,0,0
2025-10-01T09:58:33,1025,2059,process,0.181,0,1,48.9,0,0
2025-10-01T10:43:33,1024,2049,network,0.421,1,1,59.0,0,0
2025-10-01T11:28:33,1044,2077,network,0.339,1,0,232.1,0,1
2025-10-01T12:13:33,1040,2074,network,0.194,0,0,15.9,0,0
2025-10-01T12:58:33,1028,2008,login,0.28,0,2,983.8,0,1
2025-10-01T13:43:33,1014,2033,network,0.321,0,1,20.3,0,1
2025-10-01T14:28:33,1044,2075,login,0.405,0,1,672.2,0,0
2025-10-01T15:13:33,1000,2098,process,0.6,0,0,109.0,1,1
2025-10-01T15:58:33,1024,2034,file,0.088,1,0,100.1,0,0
2025-10-01T16:43:33,1006,2000,login,0.312,0,4,567.8,0,1
2025-10-01T17:28:33,1008,2039,network,0.471,0,0,73.2,0,1
2025-10-01T18:13:33,1023,2063,network,0.303,0,0,62.0,0,1
2025-10-01T18:58:33,1000,2021,process,0.256,0,0,79.6,1,0
2025-10-01T19:43:33,1043,2059,login,0.385,0,0,620.1,0,0
2025-10-01T20:28:33,1007,2063,login,0.298,0,0,1149.8,0,0
2025-10-01T21:13:33,1023,2092,file,0.751,0,1,103.0,0,0
2025-10-01T21:58:33,1010,2071,process,0.458,1,0,62.5,0,1
2025-10-01T22:43:33,1016,2010,login,0.071,0,4,954.1,0,0
2025-10-01T23:28:33,1007,2013,process,0.337,0,1,249.0,0,0
2025-10-02T00:13:33,1034,2059,network,0.274,0,0,150.8,0,0
2025-10-02T00:58:33,1034,2029,login,0.356,1,1,968.1,0,0
2025-10-02T01:43:33,1032,2034,process,0.376,0,2,162.8,1,0
2025-10-02T02:28:33,1004,2084,network,0.512,1,0,165.5,0,0
2025-10-02T03:13:33,1041,2036,registry,0.222,0,0,19.5,0,1
2025-10-02T03:58:33,1038,2004,login,0.686,1,2,112.1,0,0
2025-10-02T04:43:33,1040,2082,process,0.262,1,0,147.8,0,0
2025-10-02T05:28:33,1027,2077,process,0.304,0,0,161.4,0,0
2025-10-02T06:13:33,1006,2025,network,0.213,0,1,162.4,0,1
2025-10-02T06:58:33,1008,2061,process,0.246,0,0,52.7,1,0
2025-10-02T07:43:33,1007,2003,process,0.171,1,0,167.5,0,1
2025-10-02T08:28:33,1011,2088,file,0.702,0,2,235.8,0,1
2025-10-02T09:13:33,1033,2041,network,0.276,0,2,199.3,0,0
2025-10-02T09:58:33,1032,2088,process,0.531,1,0,58.6,1,0
2025-10-02T10:43:33,1047,2017,file,0.203,1,1,83.7,0,0
2025-10-02T11:28:33,1022,2039,network,0.222,0,0,96.5,0,1
2025-10-02T12:13:33,1023,2071,process,0.247,0,0,197.5,0,0
2025-10-02T12:58:33,1036,2038,login,0.203,0,1,730.5,0,0
2025-10-02T13:43:33,1034,2013,registry,0.59,0,0,26.5,0,0
2025-10-02T14:28:33,1043,2031,login,0.128,0,3,41.3,0,1
2025-10-02T15:13:33,1039,2050,login,0.109,0,4,851.3,0,1
2025-10-02T15:58:33,1021,2037,login,0.18,0,1,148.1,0,0
2025-10-02T16:43:33,1026,2096,network,0.707,1,0,98.1,0,0
2025-10-02T17:28:33,1034,2022,login,0.289,0,2,817.1,0,1
2025-10-02T18:13:33,1000,2062,login,0.434,0,3,344.4,0,1
2025-10-02T18:58:33,1034,2014,login,0.544,0,1,1308.6,0,0
2025-10-02T19:43:33,1036,2096,login,0.233,0,0,370.1,0,0
2025-10-02T20:28:33,1046,2024,network,0.212,0,0,220.5,0,1
2025-10-02T21:13:33,1013,2016,network,0.461,0,2,97.9,0,0
2025-10-02T21:58:33,1002,2096,process,0.319,1,0,32.9,0,0
2025-10-02T22:43:33,1000,2065,process,0.604,0,1,144.6,1,1
2025-10-02T23:28:33,1004,2077,network,0.207,0,1,110.1,0,0
2025-10-03T00:13:33,1025,2052,login,0.203,1,6,614.2,0,1
2025-10-03T00:58:33,1013,2050,login,0.26,0,4,2377.5,0,0
2025-10-03T01:43:33,1038,2038,registry,0.317,1,0,51.3,0,1
2025-10-03T02:28:33,1026,2050,network,0.203,0,0,14.5,0,0
2025-10-03T03:13:33,1008,2069,login,0.085,1,2,857.2,0,1
2025-10-03T03:58:33,1014,2005,process,0.558,0,0,226.9,0,0
2025-10-03T04:43:33,1014,2066,login,0.049,1,4,866.6,0,0
2025-10-03T05:28:33,1025,2006,process,0.403,1,1,8.9,0,0
2025-10-03T06:13:33,1041,2050,login,0.88,0,0,267.6,0,1
2025-10-03T06:58:33,1012,2071,login,0.42,0,2,799.8,0,0
2025-10-03T07:43:33,1031,2041,login,0.38,1,3,1314.4,0,0
2025-10-03T08:28:33,1038,2063,registry,0.442,0,1,4.1,0,0
2025-10-03T09:13:33,1048,2014,network,0.193,0,0,45.6,0,0
2025-10-03T09:58:33,1031,2028,login,0.42,0,7,167.1,0,0
2025-10-03T10:43:33,1003,2032,login,0.139,1,2,438.8,0,1
2025-10-03T11:28:33,1029,2093,network,0.3,0,0,105.7,0,0
2025-10-03T12:13:33,1036,2026,login,0.216,0,1,27.7,0,0
2025-10-03T12:58:33,1022,2035,login,0.235,0,1,774.5,0,1
2025-10-03T13:43:33,1038,2028,registry,0.212,1,0,245.4,0,1
2025-10-03T14:28:33,1044,2037,login,0.195,1,2,916.2,0,1
2025-10-03T15:13:33,1014,2056,network,0.425,1,1,76.3,0,0
2025-10-03T15:58:33,1042,2096,registry,0.283,0,0,30.4,0,0
2025-10-03T16:43:33,1028,2026,process,0.521,1,1,25.7,1,0
2025-10-03T17:28:33,1035,2054,login,0.35,0,3,219.2,0,0
2025-10-03T18:13:33,1012,2032,login,0.154,0,2,574.2,0,1
2025-10-03T18:58:33,1031,2067,file,0.097,0,0,76.9,0,0
2025-10-03T19:43:33,1006,2085,file,0.028,0,0,218.8,0,0
2025-10-03T20:28:33,1021,2065,file,0.405,1,0,56.2,0,1
2025-10-03T21:13:33,1027,2009,login,0.241,0,3,4.1,0,0
2025-10-03T21:58:33,1001,2004,file,0.411,0,0,135.3,0,1
2025-10-03T22:43:33,1041,2073,registry,0.186,1,0,102.5,0,0
2025-10-03T23:28:33,1044,2096,network,0.109,1,0,64.8,0,0
2025-10-04T00:13:33,1005,2037,registry,0.085,0,0,4.5,0,0
2025-10-04T00:58:33,1027,2012,file,0.196,0,0,239.4,0,0
2025-10-04T01:43:33,1027,2030,network,0.168,1,0,82.5,0,0
2025-10-04T02:28:33,1043,2046,network,0.251,0,0,50.6,0,0
2025-10-04T03:13:33,1043,2099,login,0.349,0,1,72.2,0,0
2025-10-04T03:58:33,1019,2087,login,0.248,0,5,1967.2,0,0
2025-10-04T04:43:33,1029,2051,network,0.233,0,0,135.8,0,0
2025-10-04T05:28:33,1010,2055,login,0.539,1,0,797.0,0,0
2025-10-04T06:13:33,1027,2014,file,0.455,0,1,49.6,0,0
2025-10-04T06:58:33,1024,2028,registry,0.51,0,0,101.9,0,0
2025-10-04T07:43:33,1038,2007,file,0.393,0,0,165.8,0,0
2025-10-04T08:28:33,1032,2004,login,0.145,0,2,317.1,0,0
2025-10-04T09:13:33,1000,2028,login,0.08,0,1,674.9,0,0
2025-10-04T09:58:33,1026,2046,login,0.255,0,2,155.5,0,0
2025-10-04T10:43:33,1012,2067,network,0.486,0,1,178.6,0,0
2025-10-04T11:28:33,1040,2075,file,0.538,0,0,227.3,0,1
2025-10-04T12:13:33,1002,2044,registry,0.477,0,0,70.0,0,0
2025-10-04T12:58:33,1038,2001,process,0.431,0,1,65.8,0,0
2025-10-04T13:43:33,1005,2026,registry,0.777,0,0,82.0,0,1
2025-10-04T14:28:33,1007,2094,file,0.156,0,1,39.4,0,1
2025-10-04T15:13:33,1026,2035,login,0.049,1,3,134.2,0,1
2025-10-04T15:58:33,1008,2035,file,0.393,0,2,154.8,0,0
2025-10-04T16:43:33,1036,2025,process,0.702,0,0,10.1,0,1
2025-10-04T17:28:33,1032,2042,login,0.427,0,5,743.2,0,1
2025-10-04T18:13:33,1041,2026,network,0.418,1,1,139.8,0,1
2025-10-04T18:58:33,1043,2068,login,0.547,0,2,302.1,0,0
2025-10-04T19:43:33,1023,2019,network,0.193,1,0,283.3,0,0
2025-10-04T20:28:33,1014,2010,network,0.028,0,2,172.0,0,1
2025-10-04T21:13:33,1031,2073,network,0.266,1,1,132.7,0,0
2025-10-04T21:58:33,1031,2037,process,0.271,1,0,147.1,1,0
2025-10-04T22:43:33,1023,2005,process,0.642,0,2,35.2,0,0
2025-10-04T23:28:33,1040,2071,network,0.548,0,1,106.2,0,0
2025-10-05T00:13:33,1048,2022,process,0.649,0,0,111.0,0,0
2025-10-05T00:58:33,1048,2046,process,0.54,0,1,4.2,0,0
2025-10-05T01:43:33,1011,2089,login,0.136,0,3,555.5,0,1
2025-10-05T02:28:33,1038,2045,network,0.231,0,1,145.2,0,0
2025-10-05T03:13:33,1001,2011,login,0.355,0,2,267.1,0,0
2025-10-05T03:58:33,1002,2089,network,0.385,0,1,111.2,0,1
2025-10-05T04:43:33,1048,2012,file,0.197,0,0,139.7,0,0
2025-10-05T05:28:33,1036,2061,process,0.399,0,0,135.0,0,0
2025-10-05T06:13:33,1048,2081,process,0.298,0,0,223.1,0,0
2025-10-05T06:58:33,1016,2088,registry,0.183,1,0,8.1,0,0
2025-10-05T07:43:33,1048,2096,file,0.216,0,0,214.3,0,0
2025-10-05T08:28:33,1001,2059,registry,0.094,1,0,97.4,0,1
2025-10-05T09:13:33,1001,2042,file,0.315,0,0,133.4,0,1
2025-10-05T09:58:33,1027,2075,login,0.163,0,4,665.0,0,1
2025-10-05T10:43:33,1022,2099,login,0.082,0,3,243.7,0,0
2025-10-05T11:28:33,1036,2067,process,0.474,0,1,13.7,0,0
2025-10-05T12:13:33,1031,2004,login,0.142,1,4,964.3,0,0
2025-10-05T12:58:33,1032,2036,process,0.131,0,2,93.9,0,0
2025-10-05T13:43:33,1000,2071,process,0.707,0,1,259.5,0,0
2025-10-05T14:28:33,1018,2091,process,0.577,1,2,88.2,0,1
2025-10-05T15:13:33,1001,2030,network,0.226,0,0,166.0,0,0
2025-10-05T15:58:33,1043,2008,network,0.047,1,0,118.2,0,0
2025-10-05T16:43:33,1025,2050,process,0.571,1,1,53.7,1,0
2025-10-05T17:28:33,1031,2028,file,0.087,0,0,4.1,0,0
2025-10-05T18:13:33,1005,2077,process,0.49,0,0,23.0,0,1
2025-10-05T18:58:33,1031,2039,file,0.196,0,0,127.9,0,1
2025-10-05T19:43:33,1003,2040,login,0.018,0,7,1423.1,0,0
2025-10-05T20:28:33,1010,2085,registry,0.587,0,0,105.8,0,0
2025-10-05T21:13:33,1016,2010,network,0.051,1,0,38.2,0,1
2025-10-05T21:58:33,1037,2022,process,0.175,1,0,91.3,0,1
2025-10-05T22:43:33,1023,2000,login,0.281,0,1,234.3,0,1
2025-10-05T23:28:33,1004,2045,process,0.491,0,0,18.1,0,0
2025-10-06T00:13:33,1033,2020,login,0.052,0,7,112.3,0,0
2025-10-06T00:58:33,1005,2089,login,0.311,0,6,838.4,0,0
2025-10-06T01:43:33,1021,2035,network,0.11,1,0,196.4,0,0
2025-10-06T02:28:33,1010,2053,process,0.244,0,2,86.5,0,1
2025-10-06T03:13:33,1047,2086,network,0.122,0,0,46.7,0,0
2025-10-06T03:58:33,1015,2056,registry,0.56,0,3,113.2,0,0
2025-10-06T04:43:33,1032,2000,process,0.762,1,0,248.6,0,0
2025-10-06T05:28:33,1008,2062,network,0.043,0,0,10.7,0,1
2025-10-06T06:13:33,1005,2053,login,0.241,1,2,73.7,0,0
2025-10-06T06:58:33,1015,2054,network,0.394,0,0,122.3,0,0
2025-10-06T07:43:33,1028,2039,process,0.186,1,0,66.5,1,1
2025-10-06T08:28:33,1002,2014,registry,0.208,0,0,27.9,0,0
2025-10-06T09:13:33,1019,2020,file,0.448,0,1,93.8,0,0
2025-10-06T09:58:33,1035,2046,process,0.278,1,1,136.2,0,0
2025-10-06T10:43:33,1018,2072,login,0.357,0,2,1198.9,0,1
2025-10-06T11:28:33,1025,2052,file,0.108,0,1,80.2,0,0
2025-10-06T12:13:33,1002,2008,file,0.368,0,0,181.7,0,0
2025-10-06T12:58:33,1018,2073,login,0.113,1,4,1198.3,0,1
2025-10-06T13:43:33,1019,2051,login,0.317,1,0,1325.3,0,1
2025-10-06T14:28:33,1031,2056,file,0.24,0,2,121.4,0,0
2025-10-06T15:13:33,1006,2025,login,0.385,0,2,129.3,0,0
2025-10-06T15:58:33,1040,2040,registry,0.298,1,0,111.6,0,0
2025-10-06T16:43:33,1032,2034,process,0.346,0,0,19.7,0,0
2025-10-06T17:28:33,1039,2062,login,0.072,1,1,966.5,0,1
2025-10-06T18:13:33,1038,2024,file,0.253,0,0,92.5,0,1
2025-10-06T18:58:33,1017,2089,process,0.462,1,1,4.2,0,0
2025-10-06T19:43:33,1039,2074,process,0.392,1,1,111.4,0,0
2025-10-06T20:28:33,1000,2037,login,0.342,1,2,1074.8,0,0
2025-10-06T21:13:33,1010,2001,login,0.127,0,3,2642.8,0,0
2025-10-06T21:58:33,1027,2006,network,0.324,0,0,5.7,0,0
2025-10-06T22:43:33,1024,2081,process,0.597,0,0,82.3,0,0
2025-10-06T23:28:33,1049,2090,network,0.134,0,0,58.4,0,0
2025-10-07T00:13:33,1022,2033,file,0.267,0,0,260.1,0,0
2025-10-07T00:58:33,1030,2090,network,0.214,0,0,56.9,0,0
2025-10-07T01:43:33,1029,2016,login,0.103,1,3,1137.6,0,0
2025-10-07T02:28:33,1041,2042,process,0.292,0,0,138.5,0,0
2025-10-07T03:13:33,1034,2058,registry,0.168,0,0,255.0,0,1
2025-10-07T03:58:33,1006,2050,file,0.087,0,1,9.2,0,0
2025-10-07T04:43:33,1015,2053,network,0.636,0,0,20.4,0,0
2025-10-07T05:28:33,1025,2023,login,0.408,0,3,696.8,0,0
2025-10-07T06:13:33,1047,2024,login,0.3,0,3,653.3,0,0
2025-10-07T06:58:33,1048,2070,network,0.469,1,0,26.3,0,0
2025-10-07T07:43:33,1001,2051,file,0.2,0,0,164.4,0,0
2025-10-07T08:28:33,1000,2069,network,0.401,0,1,46.6,0,0
2025-10-07T09:13:33,1047,2087,file,0.511,0,1,85.6,0,1
2025-10-07T09:58:33,1011,2032,file,0.332,1,0,6.0,0,1
2025-10-07T10:43:33,1004,2048,login,0.197,0,5,496.9,0,0
2025-10-07T11:28:33,1036,2028,process,0.275,1,0,173.5,0,1
2025-10-07T12:13:33,1031,2062,login,0.294,0,4,1472.1,0,0
2025-10-07T12:58:33,1008,2021,login,0.122,1,3,1493.9,0,0
2025-10-07T13:43:33,1040,2025,file,0.559,0,0,40.8,0,0
2025-10-07T14:28:33,1034,2027,process,0.592,0,3,174.7,0,0
2025-10-07T15:13:33,1018,2084,process,0.345,0,1,5.5,0,0
2025-10-07T15:58:33,1047,2048,login,0.121,0,0,1112.3,0,0
2025-10-07T16:43:33,1015,2070,login,0.249,0,2,976.4,0,1
2025-10-07T17:28:33,1002,2080,login,0.236,1,1,65.1,0,0
2025-10-07T18:13:33,1019,2083,login,0.282,0,3,560.7,0,0
2025-10-07T18:58:33,1023,2048,network,0.527,1,2,26.0,0,0
2025-10-07T19:43:33,1032,2019,login,0.124,1,3,1965.3,0,0
2025-10-07T20:28:33,1023,2085,network,0.324,0,1,276.4,0,0
2025-10-07T21:13:33,1010,2091,login,0.514,1,4,822.1,0,1
2025-10-07T21:58:33,1048,2062,login,0.426,0,1,136.5,0,0
2025-10-07T22:43:33,1007,2060,login,0.29,0,1,362.3,0,1
2025-10-07T23:28:33,1035,2048,network,0.515,1,0,192.8,0,0
2025-10-08T00:13:33,1037,2070,network,0.254,0,2,137.3,0,1
2025-10-08T00:58:33,1039,2000,process,0.445,0,0,216.1,0,1
2025-10-08T01:43:33,1019,2095,process,0.515,0,1,175.6,1,1
2025-10-08T02:28:33,1034,2012,network,0.132,0,2,5.8,0,1
2025-10-08T03:13:33,1047,2093,login,0.269,1,2,496.1,0,0
2025-10-08T03:58:33,1024,2086,login,0.158,0,1,1335.3,0,0
2025-10-08T04:43:33,1034,2050,file,0.401,0,1,81.4,0,0
2025-10-08T05:28:33,1024,2055,network,0.31,0,0,118.1,0,0
2025-10-08T06:13:33,1028,2082,login,0.18,0,2,117.3,0,1
2025-10-08T06:58:33,1017,2061,registry,0.028,0,0,13.9,0,0
2025-10-08T07:43:33,1045,2031,file,0.194,0,0,63.7,0,0
2025-10-08T08:28:33,1017,2029,login,0.31,0,3,115.9,0,0
2025-10-08T09:13:33,1001,2028,network,0.228,0,2,341.6,0,1
2025-10-08T09:58:33,1034,2048,network,0.24,1,0,0.1,0,1
2025-10-08T10:43:33,1015,2044,process,0.166,0,1,72.6,0,0
2025-10-08T11:28:33,1040,2092,process,0.242,1,1,13.7,0,0
2025-10-08T12:13:33,1035,2029,login,0.329,1,1,580.8,0,0
2025-10-08T12:58:33,1032,2015,network,0.193,1,1,147.6,0,0
2025-10-08T13:43:33,1003,2039,process,0.378,1,1,29.2,0,0
2025-10-08T14:28:33,1032,2018,file,0.174,0,0,154.6,0,0
2025-10-08T15:13:33,1013,2017,network,0.299,0,1,152.9,0,0
2025-10-08T15:58:33,1020,2000,login,0.271,0,4,28.0,0,0
2025-10-08T16:43:33,1047,2077,network,0.294,0,0,15.8,0,0
2025-10-08T17:28:33,1019,2046,login,0.516,1,4,530.3,0,1
2025-10-08T18:13:33,1007,2065,network,0.473,0,1,81.1,0,1
2025-10-08T18:58:33,1006,2091,network,0.176,1,0,19.6,0,0
2025-10-08T19:43:33,1002,2093,login,0.268,0,2,1229.8,0,1
2025-10-08T20:28:33,1016,2037,process,0.277,1,0,74.9,1,0
2025-10-08T21:13:33,1032,2050,login,0.198,0,2,278.3,0,0
2025-10-08T21:58:33,1047,2062,login,0.124,0,2,544.3,0,0
2025-10-08T22:43:33,1011,2003,process,0.413,0,1,88.1,0,1
2025-10-08T23:28:33,1021,2000,process,0.208,1,0,165.2,0,0
2025-10-09T00:13:33,1021,2007,registry,0.214,0,1,67.9,0,0
2025-10-09T00:58:33,1045,2028,process,0.198,1,0,65.0,0,0
2025-10-09T01:43:33,1029,2054,login,0.215,1,4,182.0,0,1
2025-10-09T02:28:33,1037,2002,network,0.439,1,0,132.5,0,1
2025-10-09T03:13:33,1037,2031,login,0.171,0,3,715.7,0,0
2025-10-09T03:58:33,1044,2009,registry,0.206,1,0,41.6,0,1
2025-10-09T04:43:33,1007,2073,network,0.047,1,1,32.8,0,0
2025-10-09T05:28:33,1026,2082,file,0.219,0,1,109.7,0,1
2025-10-09T06:13:33,1026,2033,login,0.292,0,5,119.1,0,1
2025-10-09T06:58:33,1033,2096,process,0.409,0,0,15.4,1,0
2025-10-09T07:43:33,1020,2086,process,0.519,0,1,87.1,0,1
2025-10-09T08:28:33,1029,2054,file,0.175,0,1,33.3,0,0
2025-10-09T09:13:33,1032,2091,login,0.238,1,7,554.7,0,1
2025-10-09T09:58:33,1027,2031,login,0.462,0,2,310.6,0,1
2025-10-09T10:43:33,1046,2049,registry,0.226,0,0,98.6,0,0
2025-10-09T11:28:33,1032,2006,process,0.135,1,0,42.8,0,0
2025-10-09T12:13:33,1004,2092,process,0.378,0,1,160.6,0,0
2025-10-09T12:58:33,1047,2007,login,0.285,1,5,31.3,0,1
2025-10-09T13:43:33,1018,2064,registry,0.226,0,0,176.0,0,1
2025-10-09T14:28:33,1003,2056,login,0.084,0,4,119.2,0,0
2025-10-09T15:13:33,1034,2066,network,0.225,0,1,220.1,0,0
2025-10-09T15:58:33,1048,2087,file,0.269,0,3,51.2,0,0
2025-10-09T16:43:33,1016,2086,login,0.21,0,4,741.6,0,0
2025-10-09T17:28:33,1043,2058,network,0.128,1,3,156.0,0,0
2025-10-09T18:13:33,1027,2071,login,0.53,0,7,363.8,0,0
2025-10-09T18:58:33,1029,2053,login,0.092,1,3,409.5,0,0
2025-10-09T19:43:33,1028,2066,file,0.412,0,1,31.3,0,0
2025-10-09T20:28:33,1045,2050,file,0.299,0,1,174.1,0,0
2025-10-09T21:13:33,1005,2096,network,0.196,0,0,114.0,0,1
2025-10-09T21:58:33,1034,2091,process,0.323,0,1,163.6,0,0
2025-10-09T22:43:33,1040,2007,login,0.242,1,3,274.4,0,0
2025-10-09T23:28:33,1036,2033,login,0.164,1,4,629.3,0,0
2025-10-10T00:13:33,1023,2034,login,0.244,1,1,438.9,0,0
2025-10-10T00:58:33,1028,2095,login,0.451,0,1,474.2,0,0
2025-10-10T01:43:33,1048,2087,login,0.124,0,2,685.8,0,0
2025-10-10T02:28:33,1045,2077,process,0.326,0,0,79.1,1,0
2025-10-10T03:13:33,1030,2031,login,0.337,1,1,556.6,0,1
2025-10-10T03:58:33,1034,2045,login,0.606,0,2,332.7,0,0
2025-10-10T04:43:33,1032,2015,process,0.236,0,1,40.6,0,0
2025-10-10T05:28:33,1020,2067,file,0.219,0,0,82.0,0,0
2025-10-10T06:13:33,1031,2036,login,0.475,0,1,709.2,0,0
2025-10-10T06:58:33,1022,2053,registry,0.259,0,1,162.4,0,1
2025-10-10T07:43:33,1032,2084,file,0.497,0,0,129.3,0,1
2025-10-10T08:28:33,1002,2013,login,0.166,1,6,1500.8,0,1
2025-10-10T09:13:33,1017,2094,file,0.4,1,3,75.2,0,0
2025-10-10T09:58:33,1024,2054,network,0.414,0,1,114.4,0,1
2025-10-10T10:43:33,1041,2047,network,0.179,0,0,252.7,0,0
2025-10-10T11:28:33,1030,2081,process,0.827,0,0,50.0,0,0
2025-10-10T12:13:33,1002,2006,process,0.637,1,0,63.4,0,0
2025-10-10T12:58:33,1039,2073,process,0.269,1,1,46.9,1,1
2025-10-10T13:43:33,1045,2006,process,0.681,1,0,178.9,0,1
2025-10-10T14:28:33,1023,2032,network,0.198,1,0,94.8,0,0
2025-10-10T15:13:33,1049,2022,network,0.058,0,0,110.4,0,0
2025-10-10T15:58:33,1031,2084,process,0.583,1,1,116.9,1,1
2025-10-10T16:43:33,1046,2018,network,0.142,0,1,160.8,0,1
2025-10-10T17:28:33,1021,2018,login,0.374,0,2,1259.1,0,0
2025-10-10T18:13:33,1022,2035,login,0.073,1,1,229.4,0,1
2025-10-10T18:58:33,1001,2028,file,0.398,0,3,64.8,0,0
2025-10-10T19:43:33,1026,2059,login,0.469,0,2,756.2,0,1
2025-10-10T20:28:33,1041,2081,login,0.305,0,2,1442.8,0,0
2025-10-10T21:13:33,1001,2001,login,0.503,0,3,1286.2,0,0
2025-10-10T21:58:33,1025,2000,login,0.605,1,5,286.9,0,1
2025-10-10T22:43:33,1016,2046,registry,0.216,0,0,79.9,0,1
2025-10-10T23:28:33,1039,2068,network,0.659,0,0,52.2,0,0
2025-10-11T00:13:33,1032,2019,registry,0.291,0,0,178.6,0,0
2025-10-11T00:58:33,1008,2010,network,0.048,0,0,61.3,0,0
2025-10-11T01:43:33,1042,2001,process,0.159,0,1,29.1,0,0
2025-10-11T02:28:33,1047,2066,login,0.19,0,7,1296.9,0,1
2025-10-11T03:13:33,1038,2086,network,0.297,0,0,16.3,0,0
2025-10-11T03:58:33,1028,2011,login,0.402,1,1,303.3,0,1
2025-10-11T04:43:33,1041,2019,file,0.549,1,1,27.5,0,0
2025-10-11T05:28:33,1025,2004,file,0.279,0,0,26.2,0,1
2025-10-11T06:13:33,1034,2036,login,0.468,0,2,128.1,0,0
2025-10-11T06:58:33,1049,2037,registry,0.093,0,0,158.5,0,0
2025-10-11T07:43:33,1024,2093,file,0.322,1,1,26.8,0,0
2025-10-11T08:28:33,1023,2008,network,0.426,0,1,119.2,0,1
2025-10-11T09:13:33,1012,2097,login,0.062,1,6,1295.9,0,0
2025-10-11T09:58:33,1006,2052,process,0.555,1,1,86.6,0,0
2025-10-11T10:43:33,1035,2043,process,0.222,1,2,127.8,0,1
2025-10-11T11:28:33,1044,2098,login,0.245,1,4,354.1,0,1
2025-10-11T12:13:33,1019,2085,login,0.037,0,3,909.3,0,1
2025-10-11T12:58:33,1000,2023,file,0.122,0,0,28.8,0,0
2025-10-11T13:43:33,1007,2080,login,0.18,1,5,787.2,0,0
2025-10-11T14:28:33,1045,2073,network,0.253,0,0,127.6,0,1
2025-10-11T15:13:33,1015,2029,registry,0.233,0,0,7.5,0,0
2025-10-11T15:58:33,1013,2058,file,0.568,0,0,87.7,0,0
2025-10-11T16:43:33,1011,2086,login,0.204,0,3,1380.2,0,0
2025-10-11T17:28:33,1022,2095,file,0.23,1,0,122.6,0,1
2025-10-11T18:13:33,1014,2080,login,0.351,0,2,1428.3,0,0
2025-10-11T18:58:33,1027,2080,login,0.374,0,0,246.4,0,1
2025-10-11T19:43:33,1033,2013,network,0.22,1,2,23.6,0,0
2025-10-11T20:28:33,1001,2008,process,0.314,1,0,3.9,0,1
2025-10-11T21:13:33,1031,2039,process,0.374,0,1,105.6,1,1
2025-10-11T21:58:33,1022,2065,network,0.275,0,0,19.6,0,0
2025-10-11T22:43:33,1021,2024,login,0.282,0,3,1394.1,0,0
2025-10-11T23:28:33,1024,2072,login,0.775,0,0,150.0,0,1
2025-10-12T00:13:33,1021,2021,process,0.232,0,0,134.1,0,0
2025-10-12T00:58:33,1021,2003,file,0.265,0,2,32.5,0,1
2025-10-12T01:43:33,1048,2025,network,0.112,1,0,61.5,0,1
2025-10-12T02:28:33,1041,2057,login,0.495,0,1,1008.8,0,0
2025-10-12T03:13:33,1005,2028,process,0.304,0,0,33.9,0,0
2025-10-12T03:58:33,1014,2097,login,0.054,0,1,771.7,0,0
2025-10-12T04:43:33,1042,2086,login,0.248,0,1,68.0,0,1
2025-10-12T05:28:33,1036,2036,file,0.444,1,1,106.9,0,0
2025-10-12T06:13:33,1032,2074,login,0.026,0,0,42.1,0,1
2025-10-12T06:58:33,1007,2069,login,0.25,0,1,493.7,0,1
2025-10-12T07:43:33,1043,2017,network,0.101,0,1,121.8,0,0
2025-10-12T08:28:33,1043,2084,network,0.058,1,1,114.3,0,0
2025-10-12T09:13:33,1004,2041,network,0.168,0,0,58.4,0,0
2025-10-12T09:58:33,1038,2099,login,0.086,0,1,703.8,0,1
2025-10-12T10:43:33,1003,2040,login,0.247,0,2,1030.4,0,0
2025-10-12T11:28:33,1005,2037,login,0.124,1,1,1358.6,0,0
2025-10-12T12:13:33,1044,2033,login,0.596,0,3,1744.3,0,1
2025-10-12T12:58:33,1031,2016,network,0.079,0,0,138.8,0,0
2025-10-12T13:43:33,1029,2036,file,0.323,0,0,21.1,0,0
2025-10-12T14:28:33,1046,2024,network,0.33,0,1,51.9,0,0
2025-10-12T15:13:33,1034,2075,file,0.27,1,1,53.9,0,0
2025-10-12T15:58:33,1039,2086,process,0.219,1,0,274.8,0,0
2025-10-12T16:43:33,1015,2085,network,0.427,0,2,38.1,0,0
2025-10-12T17:28:33,1012,2084,process,0.356,0,0,117.2,0,1
2025-10-12T18:13:33,1049,2026,process,0.796,0,0,21.5,1,0
2025-10-12T18:58:33,1041,2056,process,0.671,0,2,123.8,0,1
2025-10-12T19:43:33,1029,2030,login,0.735,0,3,825.7,0,0
2025-10-12T20:28:33,1018,2005,process,0.39,0,0,51.5,1,0
2025-10-12T21:13:33,1016,2090,registry,0.324,0,0,6.8,0,0
2025-10-12T21:58:33,1018,2039,login,0.564,0,1,491.8,0,0
2025-10-12T22:43:33,1027,2097,login,0.527,1,3,82.2,0,0
2025-10-12T23:28:33,1025,2011,process,0.307,1,2,42.3,1,0
2025-10-13T00:13:33,1036,2052,file,0.23,1,1,126.9,0,0
2025-10-13T00:58:33,1025,2070,network,0.098,0,0,67.9,0,0
2025-10-13T01:43:33,1022,2009,network,0.492,1,0,16.0,0,0
2025-10-13T02:28:33,1008,2044,login,0.131,0,3,1384.9,0,0
2025-10-13T03:13:33,1011,2016,network,0.141,0,1,89.4,0,0
2025-10-13T03:58:33,1000,2025,login,0.141,1,2,356.4,0,0
2025-10-13T04:43:33,1000,2084,file,0.235,0,0,85.8,0,0
2025-10-13T05:28:33,1046,2091,network,0.52,0,1,20.0,0,0
2025-10-13T06:13:33,1033,2061,login,0.089,0,0,560.2,0,1
2025-10-13T06:58:33,1031,2045,login,0.162,0,1,774.0,0,0
2025-10-13T07:43:33,1047,2063,login,0.209,0,2,1703.8,0,0
2025-10-13T08:28:33,1024,2001,process,0.192,0,1,26.5,0,0
2025-10-13T09:13:33,1039,2053,login,0.233,1,2,1404.0,0,1
2025-10-13T09:58:33,1044,2064,network,0.531,0,0,58.7,0,0
2025-10-13T10:43:33,1000,2050,process,0.243,0,1,28.2,0,1
2025-10-13T11:28:33,1015,2052,login,0.077,0,3,1025.4,0,1
2025-10-13T12:13:33,1038,2035,login,0.438,0,1,555.0,0,0
2025-10-13T12:58:33,1004,2025,login,0.382,1,0,207.9,0,1
2025-10-13T13:43:33,1021,2028,file,0.268,0,1,91.9,0,0
2025-10-13T14:28:33,1028,2020,login,0.233,0,0,1753.1,0,0
2025-10-13T15:13:33,1002,2010,network,0.413,0,2,16.7,0,0
2025-10-13T15:58:33,1011,2039,file,0.084,1,0,15.4,0,1
2025-10-13T16:43:33,1025,2010,network,0.064,1,1,59.9,0,0
2025-10-13T17:28:33,1015,2035,file,0.042,0,2,87.9,0,0
2025-10-13T18:13:33,1036,2058,process,0.152,0,0,92.5,0,1
2025-10-13T18:58:33,1021,2038,registry,0.241,0,0,91.3,0,1
2025-10-13T19:43:33,1028,2098,login,0.719,0,5,904.5,0,1
2025-10-13T20:28:33,1013,2053,login,0.179,0,2,175.7,0,0
2025-10-13T21:13:33,1027,2097,network,0.218,1,0,12.4,0,0
2025-10-13T21:58:33,1004,2054,registry,0.038,0,0,235.4,0,0
2025-10-13T22:43:33,1046,2023,file,0.182,1,0,210.2,0,1
2025-10-13T23:28:33,1048,2021,login,0.293,0,1,1829.0,0,0
2025-10-14T00:13:33,1029,2068,login,0.114,0,3,572.6,0,1
2025-10-14T00:58:33,1045,2055,registry,0.218,0,0,55.1,0,0
2025-10-14T01:43:33,1004,2032,login,0.345,0,0,331.1,0,1
2025-10-14T02:28:33,1011,2035,file,0.324,0,0,10.7,0,1
2025-10-14T03:13:33,1015,2019,file,0.395,0,2,97.4,0,1
2025-10-14T03:58:33,1025,2082,process,0.528,0,0,173.2,1,0
2025-10-14T04:43:33,1025,2098,process,0.317,0,0,109.4,0,0
2025-10-14T05:28:33,1047,2080,process,0.771,0,0,275.1,0,0
2025-10-14T06:13:33,1020,2061,login,0.246,0,2,99.2,0,0
2025-10-14T06:58:33,1038,2097,file,0.384,0,0,46.8,0,0
2025-10-14T07:43:33,1035,2072,process,0.218,0,1,75.3,0,1
2025-10-14T08:28:33,1032,2025,file,0.315,0,0,4.7,0,0
2025-10-14T09:13:33,1029,2065,login,0.19,0,4,1790.9,0,1
2025-10-14T09:58:33,1036,2072,registry,0.091,1,0,185.8,0,0
2025-10-14T10:43:33,1022,2072,process,0.373,1,0,108.3,0,0
2025-10-14T11:28:33,1009,2039,login,0.217,0,5,98.7,0,0
2025-10-14T12:13:33,1004,2016,login,0.233,0,6,639.1,0,1
2025-10-14T12:58:33,1035,2000,network,0.273,0,0,291.4,0,0
2025-10-14T13:43:33,1033,2088,network,0.16,1,0,201.7,0,1
2025-10-14T14:28:33,1030,2060,file,0.253,0,1,63.8,0,0
2025-10-14T15:13:33,1009,2042,login,0.349,0,8,446.1,0,1
2025-10-14T15:58:33,1018,2041,login,0.257,1,3,120.2,0,0
2025-10-14T16:43:33,1031,2024,process,0.142,0,0,12.4,0,0
2025-10-14T17:28:33,1000,2038,process,0.291,0,1,86.6,0,1
2025-10-14T18:13:33,1004,2034,process,0.282,0,0,60.2,0,1
2025-10-14T18:58:33,1044,2002,registry,0.204,0,0,34.1,0,0
2025-10-14T19:43:33,1003,2043,registry,0.508,1,0,41.4,0,1
2025-10-14T20:28:33,1015,2050,registry,0.239,1,0,173.6,0,0
2025-10-14T21:13:33,1023,2093,file,0.092,0,0,78.9,0,1
2025-10-14T21:58:33,1015,2097,process,0.277,0,1,39.2,0,0
2025-10-14T22:43:33,1001,2011,process,0.543,0,1,68.2,1,0
2025-10-14T23:28:33,1048,2018,process,0.593,0,4,80.9,0,0
2025-10-15T00:13:33,1027,2043,file,0.125,0,1,163.1,0,1
2025-10-15T00:58:33,1031,2058,login,0.246,0,2,619.6,0,1
2025-10-15T01:43:33,1026,2048,process,0.252,0,1,210.3,0,0
2025-10-15T02:28:33,1019,2060,login,0.06,0,7,1579.6,0,1
2025-10-15T03:13:33,1023,2016,process,0.263,0,1,122.6,1,0
2025-10-15T03:58:33,1011,2073,file,0.302,0,0,35.6,0,1
2025-10-15T04:43:33,1049,2056,file,0.502,0,0,36.3,0,0
2025-10-15T05:28:33,1034,2054,login,0.304,0,1,118.2,0,0
2025-10-15T06:13:33,1032,2046,registry,0.29,0,0,115.8,0,0
2025-10-15T06:58:33,1032,2011,network,0.103,0,0,128.6,0,0
2025-10-15T07:43:33,1042,2061,login,0.55,0,3,79.6,0,0
2025-10-15T08:28:33,1036,2079,login,0.271,0,3,55.1,0,1
2025-10-15T09:13:33,1011,2087,login,0.181,0,5,446.0,0,0
2025-10-15T09:58:33,1002,2082,login,0.048,0,3,679.7,0,1
2025-10-15T10:43:33,1000,2007,registry,0.453,0,2,182.3,0,1
2025-10-15T11:28:33,1032,2094,process,0.249,1,0,50.7,0,0
2025-10-15T12:13:33,1039,2020,file,0.085,0,1,92.5,0,0
2025-10-15T12:58:33,1009,2080,login,0.287,0,0,468.8,0,0
2025-10-15T13:43:33,1042,2086,login,0.282,0,2,511.2,0,1
2025-10-15T14:28:33,1043,2079,process,0.192,0,0,104.0,0,1
2025-10-15T15:13:33,1028,2069,login,0.447,0,3,1209.2,0,1
2025-10-15T15:58:33,1012,2071,process,0.155,0,0,117.5,0,0
2025-10-15T16:43:33,1011,2024,registry,0.405,0,0,55.7,0,1
2025-10-15T17:28:33,1030,2081,process,0.382,0,2,220.7,0,0
2025-10-15T18:13:33,1045,2088,network,0.256,0,1,35.6,0,0
2025-10-15T18:58:33,1001,2011,login,0.124,0,1,340.8,0,0
2025-10-15T19:43:33,1049,2014,login,0.375,1,1,282.7,0,1
2025-10-15T20:28:33,1034,2058,login,0.637,0,1,161.5,0,1
2025-10-15T21:13:33,1022,2025,network,0.135,1,0,83.1,0,0
2025-10-15T21:58:33,1016,2025,login,0.231,1,0,979.9,0,1
2025-10-15T22:43:33,1025,2046,process,0.439,0,0,19.3,0,1
2025-10-15T23:28:33,1007,2031,network,0.457,0,1,107.7,0,0
2025-10-16T00:13:33,1028,2009,process,0.129,0,1,35.1,0,0
2025-10-16T00:58:33,1025,2015,login,0.508,1,4,1033.0,0,1
2025-10-16T01:43:33,1009,2070,login,0.236,1,2,770.5,0,0
2025-10-16T02:28:33,1025,2016,registry,0.314,0,0,140.7,0,0
2025-10-16T03:13:33,1033,2022,network,0.356,1,0,86.9,0,0
2025-10-16T03:58:33,1040,2025,process,0.341,0,0,227.7,0,1
2025-10-16T04:43:33,1006,2084,login,0.476,0,2,879.9,0,0
2025-10-16T05:28:33,1003,2085,registry,0.324,1,0,74.4,0,0
2025-10-16T06:13:33,1049,2006,network,0.03,1,1,11.1,0,0
2025-10-16T06:58:33,1044,2013,login,0.325,0,1,525.5,0,0
2025-10-16T07:43:33,1010,2078,file,0.65,1,0,72.6,0,1
2025-10-16T08:28:33,1028,2006,login,0.329,1,2,559.1,0,0
2025-10-16T09:13:33,1035,2008,process,0.623,1,0,81.9,0,0
2025-10-16T09:58:33,1024,2047,network,0.31,1,1,36.9,0,1
2025-10-16T10:43:33,1020,2071,login,0.499,1,1,943.4,0,0
2025-10-16T11:28:33,1035,2058,registry,0.426,0,0,95.0,0,1
2025-10-16T12:13:33,1009,2086,network,0.25,1,0,69.8,0,0
2025-10-16T12:58:33,1036,2092,network,0.109,0,2,84.6,0,0
2025-10-16T13:43:33,1008,2081,login,0.284,1,5,73.2,0,1
2025-10-16T14:28:33,1023,2094,login,0.402,0,1,265.6,0,0
2025-10-16T15:13:33,1034,2093,login,0.045,0,2,771.9,0,0
2025-10-16T15:58:33,1048,2038,file,0.548,0,0,179.5,0,0
2025-10-16T16:43:33,1034,2098,login,0.465,0,2,149.0,0,0
2025-10-16T17:28:33,1047,2017,process,0.467,0,2,129.8,0,1
2025-10-16T18:13:33,1035,2058,network,0.023,1,0,27.8,0,1
2025-10-16T18:58:33,1017,2016,login,0.26,1,2,615.9,0,0
2025-10-16T19:43:33,1048,2013,network,0.608,0,3,32.4,0,0
2025-10-16T20:28:33,1038,2030,login,0.169,1,3,12.8,0,1
2025-10-16T21:13:33,1031,2023,registry,0.266,1,1,101.8,0,1
2025-10-16T21:58:33,1023,2098,process,0.592,0,1,93.7,0,0
2025-10-16T22:43:33,1022,2059,login,0.362,0,2,346.7,0,1
2025-10-16T23:28:33,1031,2044,login,0.033,1,1,711.1,0,0
2025-10-17T00:13:33,1036,2097,process,0.32,0,1,99.2,0,1
2025-10-17T00:58:33,1011,2002,file,0.209,1,0,40.9,0,1
2025-10-17T01:43:33,1048,2036,network,0.243,1,0,97.8,0,0
2025-10-17T02:28:33,1012,2042,network,0.501,1,0,149.2,0,0
2025-10-17T03:13:33,1022,2039,login,0.136,0,7,905.8,0,0
2025-10-17T03:58:33,1024,2089,login,0.425,0,3,737.5,0,0
2025-10-17T04:43:33,1034,2054,login,0.132,0,1,922.6,0,0
2025-10-17T05:28:33,1040,2086,network,0.527,0,0,245.9,0,1
2025-10-17T06:13:33,1029,2038,file,0.136,0,0,6.8,0,0
2025-10-17T06:58:33,1016,2014,process,0.211,0,0,10.6,0,0
2025-10-17T07:43:33,1048,2003,login,0.293,0,3,52.4,0,0
2025-10-17T08:28:33,1019,2092,network,0.218,1,0,61.3,0,0
2025-10-17T09:13:33,1047,2085,file,0.354,0,0,235.8,0,0
2025-10-17T09:58:33,1024,2024,network,0.158,0,0,62.5,0,0
2025-10-17T10:43:33,1021,2012,file,0.055,0,0,72.7,0,0
2025-10-17T11:28:33,1012,2081,login,0.339,0,1,435.4,0,1
2025-10-17T12:13:33,1018,2032,login,0.19,0,5,207.6,0,0
2025-10-17T12:58:33,1048,2015,file,0.107,1,1,169.9,0,1
2025-10-17T13:43:33,1035,2041,network,0.152,0,1,184.8,0,0
2025-10-17T14:28:33,1011,2065,login,0.336,1,2,378.1,0,1
2025-10-17T15:13:33,1040,2054,network,0.066,0,1,93.0,0,0
2025-10-17T15:58:33,1018,2098,file,0.275,1,1,119.0,0,1
2025-10-17T16:43:33,1011,2041,network,0.462,1,0,82.3,0,0
2025-10-17T17:28:33,1008,2033,network,0.136,1,1,54.6,0,1
2025-10-17T18:13:33,1006,2029,process,0.225,1,1,17.8,0,0
2025-10-17T18:58:33,1027,2012,process,0.287,1,0,18.1,0,1
2025-10-17T19:43:33,1013,2012,process,0.412,1,0,64.7,0,1
2025-10-17T20:28:33,1030,2017,file,0.622,0,0,149.7,0,1
2025-10-17T21:13:33,1018,2031,file,0.19,0,1,155.3,0,0
2025-10-17T21:58:33,1046,2095,file,0.207,0,0,129.1,0,0
2025-10-17T22:43:33,1015,2098,login,0.438,0,3,1713.3,0,1
2025-10-17T23:28:33,1004,2038,network,0.237,0,2,272.0,0,0
2025-10-18T00:13:33,1034,2045,file,0.144,0,0,53.3,0,0
2025-10-18T00:58:33,1011,2028,network,0.161,1,1,11.1,0,0
2025-10-18T01:43:33,1024,2061,file,0.297,1,0,86.6,0,0
2025-10-18T02:28:33,1020,2092,file,0.257,0,0,15.2,0,1
2025-10-18T03:13:33,1035,2061,process,0.245,0,1,93.9,0,0
2025-10-18T03:58:33,1022,2056,process,0.269,1,0,108.6,0,0
2025-10-18T04:43:33,1015,2015,login,0.091,0,3,27.1,0,0
2025-10-18T05:28:33,1038,2055,process,0.694,1,2,3.3,0,0
2025-10-18T06:13:33,1044,2009,network,0.105,0,0,27.5,0,1
2025-10-18T06:58:33,1041,2029,file,0.298,0,2,35.8,0,0
2025-10-18T07:43:33,1038,2024,login,0.383,0,1,135.5,0,0
2025-10-18T08:28:33,1013,2083,login,0.212,1,1,174.6,0,0
2025-10-18T09:13:33,1030,2004,network,0.124,0,1,67.5,0,1
2025-10-18T09:58:33,1004,2064,login,0.307,0,4,860.8,0,0
2025-10-18T10:43:33,1034,2093,login,0.099,0,3,728.2,0,0
2025-10-18T11:28:33,1022,2048,login,0.108,0,2,563.2,0,0
2025-10-18T12:13:33,1028,2002,login,0.377,1,3,833.8,0,0
2025-10-18T12:58:33,1042,2044,login,0.184,1,2,986.1,0,0
2025-10-18T13:43:33,1010,2013,process,0.139,0,0,203.1,0,1
2025-10-18T14:28:33,1017,2029,process,0.581,0,2,78.4,0,0
2025-10-18T15:13:33,1046,2067,file,0.441,0,0,41.6,0,0
2025-10-18T15:58:33,1011,2017,process,0.348,1,1,36.6,0,0
2025-10-18T16:43:33,1008,2061,network,0.12,1,0,48.7,0,1
2025-10-18T17:28:33,1009,2036,login,0.315,0,2,152.7,0,0
2025-10-18T18:13:33,1043,2024,login,0.326,1,1,277.1,0,0
2025-10-18T18:58:33,1016,2047,network,0.341,0,0,15.6,0,0
2025-10-18T19:43:33,1037,2064,login,0.36,1,3,666.1,0,1
2025-10-18T20:28:33,1006,2052,process,0.251,1,0,26.3,0,1
2025-10-18T21:13:33,1045,2078,network,0.331,1,1,61.6,0,0
2025-10-18T21:58:33,1012,2072,network,0.074,1,3,146.4,0,0
2025-10-18T22:43:33,1039,2014,login,0.265,0,3,589.1,0,0
2025-10-18T23:28:33,1041,2048,login,0.388,1,2,342.9,0,0
2025-10-19T00:13:33,1008,2087,network,0.359,0,0,53.1,0,0
2025-10-19T00:58:33,1049,2067,login,0.252,0,4,232.3,0,1
2025-10-19T01:43:33,1026,2011,network,0.193,0,4,126.1,0,0
2025-10-19T02:28:33,1001,2058,network,0.23,1,1,31.4,0,0
2025-10-19T03:13:33,1004,2036,registry,0.153,0,0,124.0,0,0
2025-10-19T03:58:33,1028,2060,login,0.126,0,4,224.7,0,1
2025-10-19T04:43:33,1036,2042,file,0.358,0,1,6.6,0,0
2025-10-19T05:28:33,1037,2069,process,0.179,0,0,103.6,0,1
2025-10-19T06:13:33,1018,2038,process,0.132,0,0,59.4,1,0
2025-10-19T06:58:33,1007,2055,login,0.236,1,1,423.0,0,0
2025-10-19T07:43:33,1047,2062,network,0.193,1,0,85.3,0,0
2025-10-19T08:28:33,1044,2045,login,0.252,0,2,1174.8,0,0
2025-10-19T09:13:33,1000,2087,process,0.261,1,1,63.2,0,0
2025-10-19T09:58:33,1021,2010,login,0.408,1,3,145.7,0,0
2025-10-19T10:43:33,1016,2061,file,0.292,0,1,76.1,0,0
2025-10-19T11:28:33,1006,2076,file,0.154,1,1,27.3,0,0
2025-10-19T12:13:33,1024,2097,network,0.137,1,3,105.2,0,1
2025-10-19T12:58:33,1044,2024,login,0.342,0,1,528.9,0,0
2025-10-19T13:43:33,1003,2070,login,0.275,0,6,510.8,0,1
2025-10-19T14:28:33,1035,2051,network,0.263,1,0,71.8,0,0
2025-10-19T15:13:33,1005,2003,process,0.399,0,2,167.3,1,1
2025-10-19T15:58:33,1030,2058,login,0.328,0,2,1997.6,0,0
2025-10-19T16:43:33,1018,2071,network,0.154,0,1,60.8,0,0
2025-10-19T17:28:33,1043,2019,registry,0.161,0,0,206.9,0,1
2025-10-19T18:13:33,1038,2092,network,0.132,1,0,232.8,0,0
2025-10-19T18:58:33,1026,2062,network,0.203,0,1,17.9,0,0
2025-10-19T19:43:33,1009,2053,registry,0.296,0,1,54.8,0,1
2025-10-19T20:28:33,1025,2073,login,0.299,0,2,75.2,0,0
2025-10-19T21:13:33,1018,2097,network,0.045,0,0,25.0,0,1
2025-10-19T21:58:33,1038,2056,registry,0.633,0,0,73.3,0,1
2025-10-19T22:43:33,1002,2089,login,0.469,0,5,1452.1,0,0
2025-10-19T23:28:33,1044,2040,network,0.133,1,0,133.5,0,0
2025-10-20T00:13:33,1012,2002,network,0.171,0,1,66.7,0,1
2025-10-20T00:58:33,1049,2005,network,0.376,0,3,118.1,0,0
2025-10-20T01:43:33,1027,2004,network,0.393,0,0,31.8,0,0
2025-10-20T02:28:33,1019,2004,registry,0.386,0,0,117.3,0,0
2025-10-20T03:13:33,1027,2053,file,0.19,0,3,74.8,0,0
2025-10-20T03:58:33,1007,2046,login,0.332,0,2,113.2,0,1
2025-10-20T04:43:33,1040,2086,file,0.524,1,1,140.2,0,1
2025-10-20T05:28:33,1038,2048,login,0.229,0,0,466.4,0,0
2025-10-20T06:13:33,1000,2008,process,0.399,1,0,20.3,0,0
2025-10-20T06:58:33,1002,2098,process,0.536,0,0,281.5,1,1
2025-10-20T07:43:33,1012,2019,process,0.163,1,0,70.7,0,0
2025-10-20T08:28:33,1027,2060,process,0.335,0,2,121.7,0,1
2025-10-20T09:13:33,1048,2034,registry,0.41,1,0,121.1,0,1
2025-10-20T09:58:33,1024,2049,network,0.124,0,1,42.5,0,0
2025-10-20T10:43:33,1032,2081,network,0.431,0,1,2.3,0,0
2025-10-20T11:28:33,1037,2061,login,0.026,0,3,1290.4,0,0
2025-10-20T12:13:33,1005,2016,registry,0.332,1,0,229.3,0,1
2025-10-20T12:58:33,1043,2087,registry,0.476,0,1,13.1,0,1
2025-10-20T13:43:33,1044,2002,file,0.241,0,0,132.1,0,0
2025-10-20T14:28:33,1031,2031,login,0.281,1,4,503.5,0,0
2025-10-20T15:13:33,1044,2098,login,0.193,0,7,524.3,0,0
2025-10-20T15:58:33,1046,2012,login,0.219,1,0,150.4,0,1
2025-10-20T16:43:33,1020,2088,login,0.23,0,2,1855.7,0,0
2025-10-20T17:28:33,1015,2072,process,0.479,1,0,184.4,0,1
2025-10-20T18:13:33,1020,2067,registry,0.466,0,0,137.1,0,0
2025-10-20T18:58:33,1010,2013,process,0.218,0,0,65.1,0,0
2025-10-20T19:43:33,1036,2097,login,0.431,0,3,74.8,0,0
2025-10-20T20:28:33,1035,2010,login,0.168,1,3,1818.3,0,0
2025-10-20T21:13:33,1034,2055,login,0.047,0,3,631.9,0,0
2025-10-20T21:58:33,1018,2066,login,0.184,0,2,67.0,0,0
2025-10-20T22:43:33,1019,2091,login,0.358,1,2,1124.0,0,1
2025-10-20T23:28:33,1017,2028,login,0.487,0,4,1013.8,0,0
2025-10-21T00:13:33,1046,2008,file,0.077,1,0,115.7,0,0
2025-10-21T00:58:33,1040,2066,registry,0.34,1,0,79.7,0,0
2025-10-21T01:43:33,1048,2024,process,0.569,1,2,95.1,0,0
2025-10-21T02:28:33,1013,2097,process,0.326,1,0,36.0,0,0
2025-10-21T03:13:33,1014,2075,file,0.393,0,2,178.2,0,1
2025-10-21T03:58:33,1030,2041,login,0.048,0,2,591.5,0,0
2025-10-21T04:43:33,1000,2008,login,0.382,1,3,435.4,0,0
2025-10-21T05:28:33,1002,2078,file,0.208,0,0,11.2,0,0
2025-10-21T06:13:33,1015,2039,login,0.108,0,1,251.6,0,0
2025-10-21T06:58:33,1022,2024,network,0.378,1,0,7.8,0,0
2025-10-21T07:43:33,1010,2004,network,0.161,0,1,39.2,0,1
2025-10-21T08:28:33,1011,2010,login,0.193,1,2,1001.7,0,0
2025-10-21T09:13:33,1009,2058,login,0.161,1,4,138.3,0,0
2025-10-21T09:58:33,1031,2097,file,0.347,1,0,349.0,0,1
2025-10-21T10:43:33,1015,2087,login,0.432,1,3,680.5,0,0
2025-10-21T11:28:33,1007,2078,login,0.097,1,1,574.4,0,0
2025-10-21T12:13:33,1037,2037,network,0.123,1,0,82.6,0,0
2025-10-21T12:58:33,1011,2071,process,0.351,0,0,120.2,0,0
2025-10-21T13:43:33,1023,2004,login,0.335,0,0,37.6,0,0
2025-10-21T14:28:33,1027,2047,file,0.156,1,0,253.5,0,1
2025-10-21T15:13:33,1007,2089,process,0.313,1,0,197.6,1,1
2025-10-21T15:58:33,1027,2017,file,0.058,0,0,322.7,0,1
2025-10-21T16:43:33,1035,2069,file,0.145,0,0,72.1,0,0
2025-10-21T17:28:33,1025,2036,network,0.309,0,1,71.5,0,1
2025-10-21T18:13:33,1007,2059,process,0.302,0,0,88.7,0,0
2025-10-21T18:58:33,1049,2047,registry,0.371,1,1,59.1,0,0
2025-10-21T19:43:33,1027,2076,login,0.135,1,4,1519.6,0,0
2025-10-21T20:28:33,1027,2027,network,0.34,0,0,19.2,0,0
2025-10-21T21:13:33,1036,2068,login,0.624,0,4,623.1,0,1
2025-10-21T21:58:33,1040,2076,login,0.359,0,1,454.5,0,0
2025-10-21T22:43:33,1035,2080,login,0.337,1,2,1472.3,0,1
2025-10-21T23:28:33,1026,2039,registry,0.11,0,0,81.9,0,0
2025-10-22T00:13:33,1016,2044,registry,0.542,0,0,214.8,0,1
2025-10-22T00:58:33,1008,2095,login,0.211,0,4,231.1,0,0
2025-10-22T01:43:33,1032,2061,login,0.411,0,4,69.8,0,0
2025-10-22T02:28:33,1019,2092,network,0.252,0,1,35.5,0,1
2025-10-22T03:13:33,1012,2057,process,0.241,0,0,42.2,1,0
2025-10-22T03:58:33,1027,2066,login,0.014,0,4,30.9,0,1
2025-10-22T04:43:33,1047,2055,network,0.283,0,0,157.5,0,0
2025-10-22T05:28:33,1028,2039,process,0.583,0,1,78.3,0,0
2025-10-22T06:13:33,1012,2097,registry,0.204,1,0,107.8,0,0
2025-10-22T06:58:33,1045,2039,login,0.008,1,2,259.0,0,1
2025-10-22T07:43:33,1034,2090,process,0.437,1,1,4.1,0,0
2025-10-22T08:28:33,1005,2076,process,0.842,1,0,141.2,0,1
2025-10-22T09:13:33,1017,2032,file,0.138,0,0,94.2,0,0
2025-10-22T09:58:33,1004,2005,process,0.152,0,0,134.1,0,0
2025-10-22T10:43:33,1046,2087,network,0.307,0,0,81.9,0,0
2025-10-22T11:28:33,1024,2018,login,0.152,1,3,72.6,0,0
2025-10-22T12:13:33,1001,2079,file,0.288,1,1,39.8,0,0
2025-10-22T12:58:33,1009,2039,process,0.288,0,0,218.8,0,0
2025-10-22T13:43:33,1029,2091,login,0.182,0,1,553.6,0,0
2025-10-22T14:28:33,1049,2096,network,0.122,0,0,141.8,0,0
2025-10-22T15:13:33,1044,2058,login,0.205,1,2,58.1,0,0
2025-10-22T15:58:33,1004,2058,login,0.416,0,4,89.0,0,0
2025-10-22T16:43:33,1032,2047,file,0.043,0,0,79.2,0,0
2025-10-22T17:28:33,1000,2040,process,0.506,0,1,157.7,0,0
2025-10-22T18:13:33,1017,2012,network,0.433,0,0,60.0,0,0
2025-10-22T18:58:33,1031,2044,login,0.426,1,2,10.3,0,0
2025-10-22T19:43:33,1046,2088,file,0.537,0,1,68.6,0,0
2025-10-22T20:28:33,1048,2052,login,0.135,1,2,1202.5,0,0
2025-10-22T21:13:33,1010,2041,process,0.234,0,0,10.0,0,0
2025-10-22T21:58:33,1020,2099,registry,0.282,1,1,23.1,0,1
2025-10-22T22:43:33,1025,2062,file,0.18,1,0,204.7,0,0
2025-10-22T23:28:33,1024,2026,process,0.51,0,1,116.3,1,0
2025-10-23T00:13:33,1021,2037,login,0.06,0,1,828.5,0,0
2025-10-23T00:58:33,1026,2059,file,0.564,1,1,159.3,0,0
2025-10-23T01:43:33,1048,2006,process,0.35,0,1,35.4,1,0
2025-10-23T02:28:33,1012,2004,file,0.388,1,0,21.2,0,1
2025-10-23T03:13:33,1032,2044,file,0.121,1,0,32.5,0,0
2025-10-23T03:58:33,1033,2057,login,0.409,1,4,566.9,0,1
2025-10-23T04:43:33,1040,2030,login,0.176,0,3,179.3,0,0
2025-10-23T05:28:33,1034,2022,network,0.518,0,0,112.7,0,1
2025-10-23T06:13:33,1000,2041,login,0.159,0,0,324.2,0,1
2025-10-23T06:58:33,1020,2009,login,0.274,0,3,76.0,0,0
2025-10-23T07:43:33,1047,2031,registry,0.082,1,0,243.0,0,0
2025-10-23T08:28:33,1005,2052,network,0.068,1,2,85.8,0,0
2025-10-23T09:13:33,1027,2029,file,0.258,0,1,97.2,0,1
2025-10-23T09:58:33,1016,2038,network,0.124,1,1,32.0,0,0
2025-10-23T10:43:33,1004,2030,network,0.064,0,0,50.6,0,0
2025-10-23T11:28:33,1030,2081,login,0.442,0,3,1291.2,0,0
2025-10-23T12:13:33,1004,2099,login,0.473,1,3,328.4,0,0
2025-10-23T12:58:33,1037,2001,login,0.313,1,4,1164.1,0,1
2025-10-23T13:43:33,1002,2077,process,0.456,0,0,41.8,0,1
2025-10-23T14:28:33,1022,2076,file,0.401,1,1,155.5,0,0
2025-10-23T15:13:33,1036,2092,process,0.435,0,0,70.7,0,0
2025-10-23T15:58:33,1036,2011,process,0.247,0,0,128.5,0,0
2025-10-23T16:43:33,1009,2038,process,0.56,0,0,45.2,1,1
2025-10-23T17:28:33,1009,2065,login,0.31,1,4,541.4,0,1
2025-10-23T18:13:33,1018,2095,process,0.159,0,0,93.4,0,0
2025-10-23T18:58:33,1016,2012,login,0.339,0,2,290.7,0,0
2025-10-23T19:43:33,1020,2045,login,0.258,0,2,260.8,0,1
2025-10-23T20:28:33,1013,2026,login,0.366,1,1,550.4,0,0
2025-10-23T21:13:33,1008,2016,process,0.287,0,0,179.3,0,0
2025-10-23T21:58:33,1045,2094,file,0.146,0,0,15.4,0,0
2025-10-23T22:43:33,1000,2097,login,0.055,0,0,959.6,0,0
2025-10-23T23:28:33,1044,2059,login,0.339,0,2,185.4,0,0
2025-10-24T00:13:33,1012,2063,network,0.189,1,0,265.4,0,1
2025-10-24T00:58:33,1003,2087,login,0.217,0,0,682.4,0,0
2025-10-24T01:43:33,1000,2034,file,0.264,1,0,7.2,0,0
2025-10-24T02:28:33,1048,2069,process,0.419,0,0,64.7,1,0
2025-10-24T03:13:33,1039,2082,process,0.366,1,1,103.7,0,1
2025-10-24T03:58:33,1031,2029,network,0.126,0,1,42.6,0,0
2025-10-24T04:43:33,1033,2070,login,0.401,0,2,871.1,0,0
2025-10-24T05:28:33,1027,2073,network,0.212,0,1,134.8,0,0
2025-10-24T06:13:33,1030,2095,process,0.133,1,0,248.7,0,1
2025-10-24T06:58:33,1007,2097,file,0.423,1,1,47.3,0,0
2025-10-24T07:43:33,1038,2062,login,0.211,0,2,559.1,0,0
2025-10-24T08:28:33,1025,2027,process,0.36,1,0,119.7,0,0
2025-10-24T09:13:33,1033,2059,network,0.398,0,1,27.9,0,0
2025-10-24T09:58:33,1002,2078,login,0.474,0,3,555.9,0,1
2025-10-24T10:43:33,1049,2093,process,0.366,0,0,126.5,0,0
2025-10-24T11:28:33,1011,2036,network,0.355,0,0,45.4,0,0
2025-10-24T12:13:33,1000,2092,file,0.094,1,0,3.4,0,0
2025-10-24T12:58:33,1043,2021,login,0.14,0,2,708.7,0,0
2025-10-24T13:43:33,1004,2067,file,0.11,0,0,28.2,0,0
2025-10-24T14:28:33,1029,2019,registry,0.55,0,0,149.3,0,1
2025-10-24T15:13:33,1029,2095,file,0.287,0,0,30.4,0,0
2025-10-24T15:58:33,1016,2099,login,0.076,0,2,503.7,0,0
2025-10-24T16:43:33,1047,2067,network,0.783,0,0,72.5,0,1
2025-10-24T17:28:33,1046,2090,login,0.347,0,0,424.3,0,0
2025-10-24T18:13:33,1022,2063,registry,0.273,0,0,137.3,0,0
2025-10-24T18:58:33,1014,2016,process,0.359,0,2,145.7,0,1
2025-10-24T19:43:33,1036,2011,login,0.145,0,2,2391.0,0,1
2025-10-24T20:28:33,1020,2021,network,0.193,0,0,40.6,0,0
2025-10-24T21:13:33,1013,2016,login,0.216,0,3,1983.9,0,1
2025-10-24T21:58:33,1001,2009,registry,0.363,0,0,182.0,0,0
2025-10-24T22:43:33,1010,2064,registry,0.46,0,0,172.9,0,0
2025-10-24T23:28:33,1038,2021,network,0.55,0,0,116.2,0,0
2025-10-25T00:13:33,1037,2089,login,0.389,0,1,797.6,0,1
2025-10-25T00:58:33,1033,2081,network,0.093,0,0,55.4,0,0
2025-10-25T01:43:33,1037,2049,login,0.421,0,3,628.3,0,0
2025-10-25T02:28:33,1049,2013,login,0.035,0,1,516.1,0,1
2025-10-25T03:13:33,1033,2063,file,0.128,1,0,29.7,0,0
2025-10-25T03:58:33,1017,2046,login,0.263,0,2,1281.1,0,0
2025-10-25T04:43:33,1029,2028,process,0.297,0,0,162.1,0,0
2025-10-25T05:28:33,1014,2075,registry,0.198,1,0,187.6,0,0
2025-10-25T06:13:33,1026,2035,login,0.337,0,2,819.1,0,0
2025-10-25T06:58:33,1033,2098,login,0.506,1,0,116.3,0,0
2025-10-25T07:43:33,1037,2051,registry,0.113,0,0,10.4,0,0
2025-10-25T08:28:33,1032,2075,login,0.202,1,3,470.8,0,0
2025-10-25T09:13:33,1023,2006,file,0.289,0,0,144.4,0,0
2025-10-25T09:58:33,1014,2028,registry,0.28,0,0,162.9,0,0
2025-10-25T10:43:33,1029,2010,registry,0.294,1,1,39.2,0,0
2025-10-25T11:28:33,1041,2032,network,0.088,0,1,30.7,0,0
2025-10-25T12:13:33,1016,2005,login,0.011,0,4,713.2,0,0
2025-10-25T12:58:33,1004,2078,login,0.394,1,1,483.2,0,1
2025-10-25T13:43:33,1028,2031,file,0.313,0,0,33.8,0,1
2025-10-25T14:28:33,1003,2050,file,0.178,0,1,145.2,0,0
2025-10-25T15:13:33,1009,2074,process,0.513,0,0,18.5,0,0
2025-10-25T15:58:33,1016,2057,login,0.406,0,2,533.9,0,0
2025-10-25T16:43:33,1009,2086,login,0.09,1,3,149.9,0,0
2025-10-25T17:28:33,1016,2025,login,0.238,1,3,1178.4,0,1
2025-10-25T18:13:33,1019,2097,network,0.451,0,0,60.8,0,0
2025-10-25T18:58:33,1023,2045,process,0.42,0,0,104.3,0,0
2025-10-25T19:43:33,1004,2097,registry,0.141,0,0,104.3,0,1
2025-10-25T20:28:33,1033,2028,network,0.571,0,0,140.0,0,0
2025-10-25T21:13:33,1005,2003,login,0.287,1,3,616.2,0,0
2025-10-25T21:58:33,1001,2080,network,0.214,0,0,232.7,0,0
2025-10-25T22:43:33,1012,2098,process,0.638,0,0,241.9,0,0
2025-10-25T23:28:33,1042,2012,network,0.469,1,0,2.1,0,0
2025-10-26T00:13:33,1042,2038,network,0.334,1,1,29.4,0,1
2025-10-26T00:58:33,1047,2014,file,0.184,0,1,128.5,0,0
2025-10-26T01:43:33,1010,2028,file,0.343,0,1,67.1,0,0
2025-10-26T02:28:33,1046,2028,login,0.109,0,3,280.6,0,1
2025-10-26T03:13:33,1022,2074,login,0.33,1,0,567.7,0,0
2025-10-26T03:58:33,1015,2031,network,0.143,0,0,78.3,0,0
2025-10-26T04:43:33,1030,2001,login,0.294,0,1,20.8,0,0
2025-10-26T05:28:33,1010,2046,login,0.436,0,3,991.8,0,0
2025-10-26T06:13:33,1015,2077,login,0.515,0,1,1459.3,0,0
2025-10-26T06:58:33,1007,2083,network,0.334,0,0,78.9,0,1
2025-10-26T07:43:33,1003,2021,login,0.346,1,2,440.4,0,0
2025-10-26T08:28:33,1039,2074,network,0.42,1,0,146.0,0,0
2025-10-26T09:13:33,1003,2026,registry,0.346,1,4,133.4,0,0
2025-10-26T09:58:33,1024,2066,login,0.444,0,6,312.0,0,1
2025-10-26T10:43:33,1002,2080,login,0.44,1,2,921.6,0,0
2025-10-26T11:28:33,1031,2055,login,0.143,1,2,256.6,0,1
2025-10-26T12:13:33,1002,2091,file,0.146,0,0,2.1,0,0
2025-10-26T12:58:33,1026,2092,login,0.083,0,1,245.7,0,1
2025-10-26T13:43:33,1028,2020,process,0.317,0,1,57.9,0,1
2025-10-26T14:28:33,1031,2046,login,0.518,1,3,531.3,0,1
2025-10-26T15:13:33,1049,2079,file,0.349,0,0,62.5,0,0
2025-10-26T15:58:33,1018,2058,process,0.508,1,0,33.2,0,0
2025-10-26T16:43:33,1020,2083,file,0.116,0,0,84.9,0,0
2025-10-26T17:28:33,1004,2005,registry,0.407,1,0,13.2,0,0
2025-10-26T18:13:33,1017,2018,login,0.191,0,2,734.4,0,1
2025-10-26T18:58:33,1027,2056,file,0.421,1,1,6.7,0,0
2025-10-26T19:43:33,1041,2068,login,0.143,0,3,262.3,0,0
2025-10-26T20:28:33,1021,2002,file,0.113,1,0,40.7,0,0
2025-10-26T21:13:33,1020,2000,network,0.463,0,0,11.1,0,0
2025-10-26T21:58:33,1005,2057,file,0.405,0,0,123.1,0,0
2025-10-26T22:43:33,1000,2037,login,0.077,0,1,60.8,0,0
2025-10-26T23:28:33,1004,2014,login,0.203,0,1,77.5,0,1
2025-10-27T00:13:33,1040,2033,process,0.159,0,1,223.0,0,0
2025-10-27T00:58:33,1011,2060,process,0.435,0,1,46.5,0,1
2025-10-27T01:43:33,1025,2034,login,0.207,1,0,1090.2,0,0
2025-10-27T02:28:33,1045,2063,process,0.324,0,1,176.2,0,1
2025-10-27T03:13:33,1033,2024,login,0.44,0,1,82.0,0,0
2025-10-27T03:58:33,1048,2023,process,0.159,0,0,314.6,0,0
2025-10-27T04:43:33,1013,2011,file,0.063,0,0,174.2,0,0
2025-10-27T05:28:33,1025,2017,process,0.454,1,0,188.5,0,0
2025-10-27T06:13:33,1044,2014,login,0.032,0,3,297.8,0,0
2025-10-27T06:58:33,1026,2079,process,0.205,1,1,75.2,0,1
2025-10-27T07:43:33,1008,2026,login,0.311,0,3,1262.6,0,0
2025-10-27T08:28:33,1025,2071,registry,0.056,0,0,19.8,0,0
2025-10-27T09:13:33,1046,2059,login,0.3,1,1,1001.1,0,0
2025-10-27T09:58:33,1021,2045,network,0.404,0,0,50.1,0,0
2025-10-27T10:43:33,1046,2088,registry,0.327,0,0,10.4,0,0
2025-10-27T11:28:33,1029,2016,file,0.193,0,1,134.1,0,1
2025-10-27T12:13:33,1042,2092,network,0.158,1,0,126.6,0,0
2025-10-27T12:58:33,1047,2052,file,0.397,0,1,145.3,0,0
2025-10-27T13:43:33,1016,2007,registry,0.241,0,0,107.7,0,0
2025-10-27T14:28:33,1025,2078,network,0.203,0,2,55.2,0,1
2025-10-27T15:13:33,1035,2026,network,0.321,0,0,64.3,0,0
2025-10-27T15:58:33,1000,2045,network,0.207,1,0,107.3,0,0
2025-10-27T16:43:33,1007,2049,process,0.15,0,1,31.9,0,0
2025-10-27T17:28:33,1048,2070,network,0.535,0,0,54.5,0,1
2025-10-27T18:13:33,1034,2002,process,0.612,1,0,68.5,0,0
2025-10-27T18:58:33,1014,2092,login,0.614,0,1,1272.7,0,0
2025-10-27T19:43:33,1046,2063,login,0.187,0,0,1308.2,0,1
2025-10-27T20:28:33,1021,2043,login,0.642,0,3,1108.1,0,0
2025-10-27T21:13:33,1013,2052,login,0.385,0,1,1792.7,0,0
2025-10-27T21:58:33,1025,2023,login,0.104,0,5,296.9,0,0
2025-10-27T22:43:33,1027,2059,network,0.458,0,0,23.1,0,0
2025-10-27T23:28:33,1022,2002,login,0.658,0,4,360.7,0,0
2025-10-28T00:13:33,1013,2019,file,0.543,0,0,182.7,0,1
2025-10-28T00:58:33,1023,2045,login,0.364,0,5,505.4,0,1
2025-10-28T01:43:33,1001,2014,login,0.208,0,6,685.3,0,1
2025-10-28T02:28:33,1044,2024,network,0.493,0,0,38.9,0,0
2025-10-28T03:13:33,1025,2093,network,0.052,1,0,67.3,0,0
2025-10-28T03:58:33,1013,2077,login,0.152,0,1,730.1,0,0
2025-10-28T04:43:33,1006,2070,file,0.107,1,1,178.2,0,0
2025-10-28T05:28:33,1002,2016,file,0.222,0,0,8.8,0,0
2025-10-28T06:13:33,1046,2083,login,0.373,1,3,799.1,0,0
2025-10-28T06:58:33,1022,2099,login,0.247,1,2,583.5,0,0
2025-10-28T07:43:33,1045,2008,registry,0.115,0,0,37.6,0,0
2025-10-28T08:28:33,1042,2037,network,0.067,0,0,102.6,0,1
2025-10-28T09:13:33,1046,2047,process,0.368,0,0,191.1,0,0
2025-10-28T09:58:33,1044,2059,file,0.32,0,2,135.5,0,0
2025-10-28T10:43:33,1017,2062,login,0.177,0,0,140.0,0,0
2025-10-28T11:28:33,1037,2085,process,0.487,1,1,71.8,0,0
2025-10-28T12:13:33,1034,2001,login,0.082,0,3,568.4,0,0
2025-10-28T12:58:33,1014,2087,file,0.634,0,0,0.4,0,0
2025-10-28T13:43:33,1024,2071,network,0.575,0,1,198.7,0,0
2025-10-28T14:28:33,1036,2010,network,0.243,0,0,47.5,0,0
2025-10-28T15:13:33,1027,2063,login,0.355,1,2,702.5,0,1
2025-10-28T15:58:33,1009,2076,login,0.294,1,5,1208.6,0,0
2025-10-28T16:43:33,1038,2080,process,0.388,0,1,212.3,0,0
2025-10-28T17:28:33,1016,2071,network,0.183,0,0,129.1,0,0
2025-10-28T18:13:33,1038,2020,process,0.206,0,0,56.6,0,0
2025-10-28T18:58:33,1021,2017,login,0.289,1,3,405.3,0,1
2025-10-28T19:43:33,1025,2093,file,0.129,0,1,3.4,0,0
2025-10-28T20:28:33,1043,2063,login,0.29,0,3,326.8,0,0
2025-10-28T21:13:33,1024,2081,registry,0.323,1,0,94.3,0,0
2025-10-28T21:58:33,1016,2094,login,0.308,0,0,73.8,0,1
2025-10-28T22:43:33,1012,2037,network,0.156,1,1,71.6,0,0
2025-10-28T23:28:33,1019,2031,login,0.432,0,3,93.4,0,1
2025-10-29T00:13:33,1024,2010,registry,0.36,1,0,143.2,0,0
2025-10-29T00:58:33,1003,2044,process,0.291,0,0,73.4,1,1
2025-10-29T01:43:33,1009,2088,login,0.168,0,1,577.5,0,1
2025-10-29T02:28:33,1002,2032,login,0.518,0,2,442.2,0,1
2025-10-29T03:13:33,1040,2040,login,0.256,1,3,561.6,0,0
2025-10-29T03:58:33,1044,2007,login,0.256,0,3,476.9,0,0
2025-10-29T04:43:33,1017,2010,registry,0.026,0,0,79.9,0,0
2025-10-29T05:28:33,1046,2085,process,0.515,0,1,150.6,0,0
2025-10-29T06:13:33,1035,2050,file,0.569,0,1,38.9,0,0
2025-10-29T06:58:33,1046,2087,network,0.236,0,0,41.5,0,1
2025-10-29T07:43:33,1021,2040,network,0.047,1,0,16.4,0,0
2025-10-29T08:28:33,1033,2016,login,0.202,0,4,700.9,0,0
2025-10-29T09:13:33,1046,2075,login,0.33,0,0,81.6,0,0
2025-10-29T09:58:33,1007,2045,file,0.34,0,0,62.7,0,0
2025-10-29T10:43:33,1039,2031,registry,0.292,0,0,196.1,0,1
2025-10-29T11:28:33,1048,2078,login,0.11,0,6,106.3,0,1
2025-10-29T12:13:33,1043,2079,login,0.432,0,2,338.5,0,1
2025-10-29T12:58:33,1018,2053,process,0.293,0,0,152.1,0,0
2025-10-29T13:43:33,1041,2085,registry,0.07,0,1,109.3,0,0
2025-10-29T14:28:33,1040,2091,login,0.324,1,1,532.7,0,0
2025-10-29T15:13:33,1036,2019,process,0.239,0,0,73.7,0,0
2025-10-29T15:58:33,1005,2032,file,0.157,0,1,63.7,0,0
2025-10-29T16:43:33,1025,2073,login,0.129,1,2,177.2,0,0
2025-10-29T17:28:33,1033,2039,login,0.126,1,2,631.2,0,1
2025-10-29T18:13:33,1044,2031,network,0.21,0,0,136.5,0,0
2025-10-29T18:58:33,1005,2096,registry,0.177,0,0,162.6,0,0
2025-10-29T19:43:33,1036,2001,login,0.091,1,3,892.8,0,1
